lineup_id,players,total_salary,ev,std,p90,sharpe_like
1,? (0),0.0,9.82641661742244,3.166196321645288,13.878551705819417,3.1035398996397934
